<?xml version="1.0" encoding="UTF-8"?>
<project-private xmlns="http://www.netbeans.org/ns/project-private/1">
    <editor-bookmarks xmlns="http://www.netbeans.org/ns/editor-bookmarks/2" lastBookmarkId="0"/>
    <open-files xmlns="http://www.netbeans.org/ns/projectui-open-files/2">
        <group>
            <file>file:/C:/Users/mayro/Documents/NetBeansProjects/ChatTF/src/Control/GerenciaMensagens.java</file>
            <file>file:/C:/Users/mayro/Documents/NetBeansProjects/ChatTF/src/Cliente/Cliente.java</file>
            <file>file:/C:/Users/mayro/Documents/NetBeansProjects/ChatTF/src/Control/GerenciaConexoes.java</file>
            <file>file:/C:/Users/mayro/Documents/NetBeansProjects/ChatTF/src/View/Chat.java</file>
            <file>file:/C:/Users/mayro/Documents/NetBeansProjects/ChatTF/src/Server/Servidor.java</file>
            <file>file:/C:/Users/mayro/Documents/NetBeansProjects/ChatTF/src/View/Login.java</file>
            <file>file:/C:/Users/mayro/Documents/NetBeansProjects/ChatTF/src/View/MenuUsuarios.java</file>
        </group>
    </open-files>
</project-private>
